i,j,satNo_i,satNo_j,distance
0,0,52993,52993,0.0
0,1,52993,54194,8257.485216543178
0,2,52993,04382,9498.501494402515
1,0,54194,52993,8257.485216543178
1,1,54194,54194,0.0
1,2,54194,04382,21828.280266124304
2,0,04382,52993,9498.501494402515
2,1,04382,54194,21828.280266124304
2,2,04382,04382,0.0
